buoy_id,time,latitude,longitude,station_id,PeakDirection,PeakSpread,SignificantWaveHeight,EnergyPeriod,MeanWavePeriod_Tm01,MeanWavePeriod_Tm02,PeakPeriod,qcflag
,UTC,degrees_north,degrees_east,,degrees_true,degrees_true,m,s,s,s,s,
1,2017-07-23T15:08:00Z,54.2311,-10.146,Belmullet Wave Buoy Berth B,271.4,35.6,0.88,6.11931,5.07,4.545,7.69,0
1,2017-07-23T15:38:00Z,54.2311,-10.146,Belmullet Wave Buoy Berth B,293.9,31.6,0.92,6.178733,5.13,4.598,8.33,0
1,2017-07-23T16:08:00Z,54.2311,-10.146,Belmullet Wave Buoy Berth B,281.3,35.9,0.92,6.408708,5.34,4.762,8.33,0
1,2017-07-23T16:38:00Z,54.2311,-10.146,Belmullet Wave Buoy Berth B,281.3,39.4,0.86,6.099505,5.05,4.545,8.33,0
1,2017-07-23T17:08:00Z,54.2311,-10.146,Belmullet Wave Buoy Berth B,288.3,44.9,0.84,6.178733,5.13,4.598,8.33,0
1,2017-07-23T17:38:00Z,54.2311,-10.146,Belmullet Wave Buoy Berth B,278.4,43.5,0.86,5.966452,4.96,4.494,8.33,0
1,2017-07-23T18:08:00Z,54.2311,-10.146,Belmullet Wave Buoy Berth B,296.7,50.2,0.83,5.82564,4.84,4.396,8.33,0
1,2017-07-23T18:38:00Z,54.2311,-10.146,Belmullet Wave Buoy Berth B,272.8,43.5,0.87,5.950624,4.81,4.301,8.33,0
1,2017-07-23T19:08:00Z,54.2311,-10.146,Belmullet Wave Buoy Berth B,296.7,45.8,0.84,5.94075,4.8,4.301,8.33,0
1,2017-07-23T19:38:00Z,54.2311,-10.146,Belmullet Wave Buoy Berth B,288.3,34.2,0.8,5.822308,4.68,4.167,8.33,0
1,2017-07-23T20:08:00Z,54.2311,-10.146,Belmullet Wave Buoy Berth B,285.5,39.5,0.79,5.688911,4.59,4.124,8.33,0
1,2017-07-23T20:38:00Z,54.2311,-10.146,Belmullet Wave Buoy Berth B,285.5,33.2,0.85,5.93123,4.88,4.396,8.33,0
1,2017-07-23T21:08:00Z,54.2311,-10.146,Belmullet Wave Buoy Berth B,291.1,37.5,0.85,5.728402,4.63,4.167,7.69,0
1,2017-07-23T21:38:00Z,54.2311,-10.146,Belmullet Wave Buoy Berth B,295.3,39.2,0.87,5.669168,4.57,4.124,7.69,0
1,2017-07-23T22:08:00Z,54.2311,-10.146,Belmullet Wave Buoy Berth B,292.5,35.7,0.88,5.748151,4.65,4.167,7.69,0
1,2017-07-23T22:38:00Z,54.2311,-10.146,Belmullet Wave Buoy Berth B,291.1,37.5,0.87,5.469308,4.48,4.04,7.69,0
1,2017-07-23T23:08:00Z,54.2311,-10.146,Belmullet Wave Buoy Berth B,288.3,38.0,0.87,5.642082,4.61,4.167,7.69,0
1,2017-07-23T23:38:00Z,54.2311,-10.146,Belmullet Wave Buoy Berth B,281.3,45.9,0.87,5.3141,4.39,4.0,7.69,0
1,2017-07-24T00:08:00Z,54.2311,-10.146,Belmullet Wave Buoy Berth B,284.1,40.2,0.84,5.504408,4.56,4.124,7.69,0
1,2017-07-24T00:38:00Z,54.2311,-10.146,Belmullet Wave Buoy Berth B,289.7,38.8,0.82,5.457127,4.49,4.082,7.14,0
1,2017-07-24T01:08:00Z,54.2311,-10.146,Belmullet Wave Buoy Berth B,270.0,47.4,0.8,5.288981,4.32,3.922,7.69,0
1,2017-07-24T01:38:00Z,54.2311,-10.146,Belmullet Wave Buoy Berth B,286.9,34.7,0.87,5.526404,4.56,4.124,7.69,0
1,2017-07-24T02:08:00Z,54.2311,-10.146,Belmullet Wave Buoy Berth B,281.3,37.4,0.82,5.427444,4.46,4.04,7.69,0
1,2017-07-24T02:38:00Z,54.2311,-10.146,Belmullet Wave Buoy Berth B,271.4,34.9,0.85,5.385608,4.44,4.04,7.69,0
1,2017-07-24T03:08:00Z,54.2311,-10.146,Belmullet Wave Buoy Berth B,275.6,34.9,0.86,5.578126,4.59,4.167,8.33,0
1,2017-07-24T03:38:00Z,54.2311,-10.146,Belmullet Wave Buoy Berth B,281.3,48.8,0.79,5.566,4.6,4.167,7.14,0
1,2017-07-24T04:08:00Z,54.2311,-10.146,Belmullet Wave Buoy Berth B,286.9,42.9,0.8,5.645214,4.68,4.255,8.33,0
1,2017-07-24T04:38:00Z,54.2311,-10.146,Belmullet Wave Buoy Berth B,267.2,44.1,0.82,5.525996,4.67,4.301,7.69,0
1,2017-07-24T05:08:00Z,54.2311,-10.146,Belmullet Wave Buoy Berth B,274.2,47.3,0.84,5.581545,4.66,4.255,7.69,0
1,2017-07-24T05:38:00Z,54.2311,-10.146,Belmullet Wave Buoy Berth B,281.3,47.1,0.82,5.831411,4.89,4.444,7.69,0
1,2017-07-24T06:08:00Z,54.2311,-10.146,Belmullet Wave Buoy Berth B,274.2,42.9,0.83,5.807658,4.91,4.444,7.69,0
1,2017-07-24T06:38:00Z,54.2311,-10.146,Belmullet Wave Buoy Berth B,279.8,40.6,0.85,5.655021,4.8,4.396,7.69,0
1,2017-07-24T07:08:00Z,54.2311,-10.146,Belmullet Wave Buoy Berth B,271.4,37.2,0.87,5.730915,4.92,4.494,7.14,0
1,2017-07-24T07:38:00Z,54.2311,-10.146,Belmullet Wave Buoy Berth B,291.1,36.1,0.81,6.039706,5.1,4.598,7.69,0
1,2017-07-24T08:08:00Z,54.2311,-10.146,Belmullet Wave Buoy Berth B,282.7,38.9,0.83,5.861809,5.03,4.598,7.14,0
1,2017-07-24T08:38:00Z,54.2311,-10.146,Belmullet Wave Buoy Berth B,303.8,43.8,0.81,5.639773,4.85,4.494,8.33,0
1,2017-07-24T09:08:00Z,54.2311,-10.146,Belmullet Wave Buoy Berth B,284.1,42.7,0.91,5.487342,4.74,4.396,7.69,0
1,2017-07-24T09:38:00Z,54.2311,-10.146,Belmullet Wave Buoy Berth B,299.5,40.1,0.86,5.532454,4.85,4.494,7.69,0
1,2017-07-24T10:08:00Z,54.2311,-10.146,Belmullet Wave Buoy Berth B,282.7,43.9,0.79,5.386288,4.66,4.301,7.69,0
1,2017-07-24T10:38:00Z,54.2311,-10.146,Belmullet Wave Buoy Berth B,300.9,47.3,0.86,5.45283,4.77,4.444,7.69,0
1,2017-07-24T11:08:00Z,54.2311,-10.146,Belmullet Wave Buoy Berth B,281.3,38.8,0.87,5.654848,4.93,4.545,7.69,0
1,2017-07-24T11:38:00Z,54.2311,-10.146,Belmullet Wave Buoy Berth B,279.8,35.8,0.83,5.560898,4.9,4.545,7.69,0
1,2017-07-24T12:08:00Z,54.2311,-10.146,Belmullet Wave Buoy Berth B,279.8,35.0,0.89,5.939394,5.28,4.938,7.69,0
1,2017-07-24T12:38:00Z,54.2311,-10.146,Belmullet Wave Buoy Berth B,286.9,40.2,0.87,5.929431,5.27,4.878,7.14,0
1,2017-07-24T13:08:00Z,54.2311,-10.146,Belmullet Wave Buoy Berth B,274.2,34.7,0.86,5.979248,5.32,4.938,7.14,0
1,2017-07-24T13:38:00Z,54.2311,-10.146,Belmullet Wave Buoy Berth B,285.5,34.8,0.87,6.020393,5.34,4.938,7.14,0
1,2017-07-24T14:08:00Z,54.2311,-10.146,Belmullet Wave Buoy Berth B,289.7,36.8,0.9,6.030355,5.35,4.938,7.69,0
1,2017-07-24T14:38:00Z,54.2311,-10.146,Belmullet Wave Buoy Berth B,278.4,29.4,0.91,5.987963,5.35,5.0,7.14,0
1,2017-07-24T15:08:00Z,54.2311,-10.146,Belmullet Wave Buoy Berth B,281.3,37.2,0.93,6.078893,5.42,5.063,7.14,0
1,2017-07-24T15:38:00Z,54.2311,-10.146,Belmullet Wave Buoy Berth B,279.8,35.1,0.93,6.070204,5.39,5.0,7.14,0
1,2017-07-24T16:08:00Z,54.2311,-10.146,Belmullet Wave Buoy Berth B,281.3,30.0,0.98,6.177347,5.54,5.195,7.69,0
1,2017-07-24T16:38:00Z,54.2311,-10.146,Belmullet Wave Buoy Berth B,274.2,35.5,1.02,6.166216,5.55,5.195,7.14,0
1,2017-07-24T17:08:00Z,54.2311,-10.146,Belmullet Wave Buoy Berth B,272.8,32.9,0.97,6.188517,5.53,5.128,7.69,0
1,2017-07-24T17:38:00Z,54.2311,-10.146,Belmullet Wave Buoy Berth B,274.2,32.3,0.99,6.390316,5.69,5.263,8.33,0
1,2017-07-24T18:08:00Z,54.2311,-10.146,Belmullet Wave Buoy Berth B,282.7,38.9,1.05,6.264832,5.67,5.333,7.69,0
1,2017-07-24T18:38:00Z,54.2311,-10.146,Belmullet Wave Buoy Berth B,286.9,35.3,1.04,6.144075,5.57,5.263,7.14,0
1,2017-07-24T19:08:00Z,54.2311,-10.146,Belmullet Wave Buoy Berth B,355.8,34.7,0.95,6.029069,5.37,5.0,5.0,0
1,2017-07-24T19:38:00Z,54.2311,-10.146,Belmullet Wave Buoy Berth B,285.5,27.8,1.07,6.384525,5.79,5.405,7.69,0
1,2017-07-24T20:08:00Z,54.2311,-10.146,Belmullet Wave Buoy Berth B,285.5,28.4,0.98,6.330533,5.63,5.263,8.33,0
1,2017-07-24T20:38:00Z,54.2311,-10.146,Belmullet Wave Buoy Berth B,282.7,31.8,1.0,6.177347,5.54,5.195,7.69,0
1,2017-07-24T21:08:00Z,54.2311,-10.146,Belmullet Wave Buoy Berth B,284.1,28.5,1.05,6.426598,5.79,5.405,7.69,0
1,2017-07-24T21:38:00Z,54.2311,-10.146,Belmullet Wave Buoy Berth B,282.7,36.9,0.88,6.198484,5.54,5.195,7.69,0
1,2017-07-24T22:08:00Z,54.2311,-10.146,Belmullet Wave Buoy Berth B,272.8,31.2,0.95,6.24713,5.61,5.263,7.14,0
1,2017-07-24T22:38:00Z,54.2311,-10.146,Belmullet Wave Buoy Berth B,278.4,26.7,0.84,6.353102,5.61,5.195,8.33,0
1,2017-07-24T23:08:00Z,54.2311,-10.146,Belmullet Wave Buoy Berth B,277.0,27.0,0.89,6.501194,5.78,5.333,8.33,0
1,2017-07-24T23:38:00Z,54.2311,-10.146,Belmullet Wave Buoy Berth B,279.8,26.2,0.86,6.509897,5.81,5.405,7.69,0
1,2017-07-25T00:08:00Z,54.2311,-10.146,Belmullet Wave Buoy Berth B,274.2,27.8,0.84,6.600833,5.88,5.479,7.69,0
1,2017-07-25T00:38:00Z,54.2311,-10.146,Belmullet Wave Buoy Berth B,282.7,31.4,0.86,6.39784,5.74,5.333,7.69,0
1,2017-07-25T01:08:00Z,54.2311,-10.146,Belmullet Wave Buoy Berth B,281.3,29.8,0.83,6.399038,5.72,5.333,7.69,0
1,2017-07-25T01:38:00Z,54.2311,-10.146,Belmullet Wave Buoy Berth B,272.8,33.0,0.85,6.436569,5.8,5.405,7.69,0
1,2017-07-25T02:08:00Z,54.2311,-10.146,Belmullet Wave Buoy Berth B,282.7,34.1,0.76,6.380352,5.68,5.263,7.69,0
1,2017-07-25T02:38:00Z,54.2311,-10.146,Belmullet Wave Buoy Berth B,272.8,38.0,0.82,6.779013,6.08,5.714,7.69,0
1,2017-07-25T03:08:00Z,54.2311,-10.146,Belmullet Wave Buoy Berth B,284.1,30.7,0.76,6.69809,6.02,5.634,8.33,0
1,2017-07-25T03:38:00Z,54.2311,-10.146,Belmullet Wave Buoy Berth B,270.0,34.6,0.78,6.797794,6.12,5.714,8.33,0
1,2017-07-25T04:08:00Z,54.2311,-10.146,Belmullet Wave Buoy Berth B,275.6,38.7,0.78,6.949663,6.23,5.797,8.33,0
1,2017-07-25T04:38:00Z,54.2311,-10.146,Belmullet Wave Buoy Berth B,274.2,32.6,0.78,6.998349,6.3,5.882,7.69,0
1,2017-07-25T05:08:00Z,54.2311,-10.146,Belmullet Wave Buoy Berth B,277.0,32.8,0.79,6.959631,6.24,5.797,7.69,0
1,2017-07-25T05:38:00Z,54.2311,-10.146,Belmullet Wave Buoy Berth B,282.7,37.3,0.77,7.170156,6.43,5.97,8.33,0
1,2017-07-25T06:08:00Z,54.2311,-10.146,Belmullet Wave Buoy Berth B,279.8,36.1,0.81,7.208875,6.49,6.061,7.69,0
1,2017-07-25T06:38:00Z,54.2311,-10.146,Belmullet Wave Buoy Berth B,279.8,35.7,0.86,7.427177,6.73,6.25,8.33,0
1,2017-07-25T07:08:00Z,54.2311,-10.146,Belmullet Wave Buoy Berth B,293.9,37.9,0.83,7.203657,6.59,6.154,8.33,0
1,2017-07-25T07:38:00Z,54.2311,-10.146,Belmullet Wave Buoy Berth B,286.9,42.4,0.81,7.133804,6.52,6.154,7.69,0
1,2017-07-25T08:08:00Z,54.2311,-10.146,Belmullet Wave Buoy Berth B,267.2,29.7,0.86,7.343373,6.73,6.349,7.69,0
1,2017-07-25T08:38:00Z,54.2311,-10.146,Belmullet Wave Buoy Berth B,298.1,38.7,0.75,7.415148,6.76,6.349,8.33,0
1,2017-07-25T09:08:00Z,54.2311,-10.146,Belmullet Wave Buoy Berth B,285.5,41.2,0.73,7.273514,6.66,6.25,7.69,0
1,2017-07-25T09:38:00Z,54.2311,-10.146,Belmullet Wave Buoy Berth B,299.5,43.5,0.74,7.085925,6.43,6.061,8.33,0
1,2017-07-25T10:08:00Z,54.2311,-10.146,Belmullet Wave Buoy Berth B,271.4,44.9,0.71,6.916358,6.26,5.882,7.69,0
1,2017-07-25T10:38:00Z,54.2311,-10.146,Belmullet Wave Buoy Berth B,284.1,40.0,0.68,6.99511,6.36,5.97,8.33,0
1,2017-07-25T11:08:00Z,54.2311,-10.146,Belmullet Wave Buoy Berth B,291.1,39.5,0.66,6.878706,6.18,5.797,8.33,0
1,2017-07-25T11:38:00Z,54.2311,-10.146,Belmullet Wave Buoy Berth B,296.7,38.7,0.66,6.923518,6.14,5.714,8.33,0
1,2017-07-25T12:08:00Z,54.2311,-10.146,Belmullet Wave Buoy Berth B,293.9,37.9,0.68,7.039383,6.32,5.882,8.33,0
1,2017-07-25T12:38:00Z,54.2311,-10.146,Belmullet Wave Buoy Berth B,279.8,42.5,0.61,6.943442,6.16,5.634,8.33,0
1,2017-07-25T13:08:00Z,54.2311,-10.146,Belmullet Wave Buoy Berth B,279.8,35.3,0.71,6.927424,6.25,5.797,7.69,0
1,2017-07-25T13:38:00Z,54.2311,-10.146,Belmullet Wave Buoy Berth B,281.3,42.0,0.65,7.191291,6.43,5.882,7.69,0
1,2017-07-25T14:08:00Z,54.2311,-10.146,Belmullet Wave Buoy Berth B,271.4,31.8,0.67,7.221192,6.46,5.97,7.69,0
1,2017-07-25T14:38:00Z,54.2311,-10.146,Belmullet Wave Buoy Berth B,293.9,37.8,0.66,7.019444,6.3,5.797,7.69,0
1,2017-07-25T15:08:00Z,54.2311,-10.146,Belmullet Wave Buoy Berth B,281.3,44.7,0.63,6.90979,6.19,5.714,8.33,0
1,2017-07-25T15:38:00Z,54.2311,-10.146,Belmullet Wave Buoy Berth B,279.8,37.2,0.69,6.873711,6.09,5.634,7.69,0
1,2017-07-25T16:08:00Z,54.2311,-10.146,Belmullet Wave Buoy Berth B,277.0,42.2,0.68,6.785435,5.98,5.556,7.69,0
1,2017-07-25T16:38:00Z,54.2311,-10.146,Belmullet Wave Buoy Berth B,271.4,31.6,0.74,6.893633,6.11,5.634,7.14,0
1,2017-07-25T17:08:00Z,54.2311,-10.146,Belmullet Wave Buoy Berth B,277.0,38.8,0.74,6.859449,5.99,5.479,7.69,0
1,2017-07-25T17:38:00Z,54.2311,-10.146,Belmullet Wave Buoy Berth B,272.8,38.2,0.84,6.448346,5.38,4.819,7.69,0
1,2017-07-25T18:08:00Z,54.2311,-10.146,Belmullet Wave Buoy Berth B,289.7,47.8,0.81,6.076715,4.87,4.348,7.69,0
1,2017-07-25T18:38:00Z,54.2311,-10.146,Belmullet Wave Buoy Berth B,253.1,31.6,0.91,6.232581,4.96,4.396,10.53,0
1,2017-07-25T19:08:00Z,54.2311,-10.146,Belmullet Wave Buoy Berth B,275.6,35.5,0.93,6.564419,5.16,4.494,8.33,0
1,2017-07-25T19:38:00Z,54.2311,-10.146,Belmullet Wave Buoy Berth B,264.4,30.0,0.97,6.696704,5.34,4.651,10.0,0
1,2017-07-25T20:08:00Z,54.2311,-10.146,Belmullet Wave Buoy Berth B,278.4,35.5,0.92,6.821932,5.33,4.545,7.69,0
1,2017-07-25T20:38:00Z,54.2311,-10.146,Belmullet Wave Buoy Berth B,267.2,33.7,0.94,7.05011,5.47,4.598,7.69,0
1,2017-07-25T21:08:00Z,54.2311,-10.146,Belmullet Wave Buoy Berth B,271.4,39.1,0.84,6.965009,5.29,4.444,7.69,0
1,2017-07-25T21:38:00Z,54.2311,-10.146,Belmullet Wave Buoy Berth B,267.2,32.9,0.87,6.713701,5.08,4.301,9.09,0
1,2017-07-25T22:08:00Z,54.2311,-10.146,Belmullet Wave Buoy Berth B,261.6,32.9,0.93,6.414821,4.75,4.082,10.0,0
1,2017-07-25T22:38:00Z,54.2311,-10.146,Belmullet Wave Buoy Berth B,264.4,28.5,0.99,6.75,5.07,4.301,9.09,0
1,2017-07-25T23:08:00Z,54.2311,-10.146,Belmullet Wave Buoy Berth B,265.8,26.2,1.04,6.948571,5.32,4.545,9.09,0
1,2017-07-25T23:38:00Z,54.2311,-10.146,Belmullet Wave Buoy Berth B,265.8,28.2,1.01,6.477015,4.79,4.082,9.09,0
1,2017-07-26T00:08:00Z,54.2311,-10.146,Belmullet Wave Buoy Berth B,268.6,27.9,1.16,6.844239,5.19,4.444,8.33,0
1,2017-07-26T00:38:00Z,54.2311,-10.146,Belmullet Wave Buoy Berth B,278.4,23.7,1.18,6.775801,5.12,4.396,10.53,0
1,2017-07-26T01:08:00Z,54.2311,-10.146,Belmullet Wave Buoy Berth B,265.8,23.2,1.39,6.818182,5.28,4.651,10.0,0
1,2017-07-26T01:38:00Z,54.2311,-10.146,Belmullet Wave Buoy Berth B,257.3,28.2,1.37,5.9584,4.75,4.301,10.0,0
1,2017-07-26T02:08:00Z,54.2311,-10.146,Belmullet Wave Buoy Berth B,253.1,34.2,1.41,6.256953,5.12,4.598,9.09,0
1,2017-07-26T02:38:00Z,54.2311,-10.146,Belmullet Wave Buoy Berth B,257.3,29.4,1.5,6.553801,5.42,4.819,9.09,0
1,2017-07-26T03:08:00Z,54.2311,-10.146,Belmullet Wave Buoy Berth B,255.9,34.5,1.6,6.22828,5.29,4.819,9.09,0
1,2017-07-26T03:38:00Z,54.2311,-10.146,Belmullet Wave Buoy Berth B,236.3,27.5,1.69,6.178645,5.24,4.706,6.25,0
1,2017-07-26T04:08:00Z,54.2311,-10.146,Belmullet Wave Buoy Berth B,240.5,28.4,2.0,6.271015,5.42,5.0,6.25,0
1,2017-07-26T04:38:00Z,54.2311,-10.146,Belmullet Wave Buoy Berth B,243.3,24.4,2.21,6.14125,5.44,5.063,6.25,0
1,2017-07-26T05:08:00Z,54.2311,-10.146,Belmullet Wave Buoy Berth B,246.1,29.9,2.3,6.275901,5.66,5.263,6.67,0
1,2017-07-26T05:38:00Z,54.2311,-10.146,Belmullet Wave Buoy Berth B,248.9,27.9,2.43,6.409005,5.73,5.333,7.14,0
1,2017-07-26T06:08:00Z,54.2311,-10.146,Belmullet Wave Buoy Berth B,248.9,31.2,2.43,6.582192,5.84,5.405,7.14,0
1,2017-07-26T06:38:00Z,54.2311,-10.146,Belmullet Wave Buoy Berth B,251.7,23.4,2.68,6.648241,5.97,5.556,7.69,0
1,2017-07-26T07:08:00Z,54.2311,-10.146,Belmullet Wave Buoy Berth B,254.5,33.2,2.53,6.57094,5.85,5.405,7.14,0
1,2017-07-26T07:38:00Z,54.2311,-10.146,Belmullet Wave Buoy Berth B,253.1,29.7,2.63,6.691782,5.95,5.479,7.69,0
1,2017-07-26T08:08:00Z,54.2311,-10.146,Belmullet Wave Buoy Berth B,246.1,23.5,2.89,6.988378,6.29,5.797,8.33,0
1,2017-07-26T08:38:00Z,54.2311,-10.146,Belmullet Wave Buoy Berth B,258.8,32.9,2.67,6.976016,6.15,5.634,9.09,0
1,2017-07-26T09:08:00Z,54.2311,-10.146,Belmullet Wave Buoy Berth B,255.9,30.1,2.68,6.947557,6.1,5.556,8.33,0
1,2017-07-26T09:38:00Z,54.2311,-10.146,Belmullet Wave Buoy Berth B,257.3,33.3,2.85,7.227736,6.36,5.797,9.09,0
5,2017-07-23T15:02:00Z,54.267977,-10.2781,Belmullet Wave Buoy Berth A,278.4,43.1,0.88,5.945882,4.76,4.211,8.33,0
5,2017-07-23T15:32:00Z,54.267977,-10.2781,Belmullet Wave Buoy Berth A,289.7,36.9,1.0,6.340775,5.16,4.545,8.33,0
5,2017-07-23T16:02:00Z,54.267977,-10.2781,Belmullet Wave Buoy Berth A,281.3,49.6,0.9,6.155636,4.95,4.396,8.33,0
5,2017-07-23T16:32:00Z,54.267977,-10.2781,Belmullet Wave Buoy Berth A,272.8,41.2,0.91,6.123482,4.94,4.396,8.33,0
5,2017-07-23T17:02:00Z,54.267977,-10.2781,Belmullet Wave Buoy Berth A,289.7,40.8,0.96,6.259314,5.1,4.494,8.33,0
5,2017-07-23T17:32:00Z,54.267977,-10.2781,Belmullet Wave Buoy Berth A,286.9,56.0,0.87,6.079028,4.94,4.396,7.69,0
5,2017-07-23T18:02:00Z,54.267977,-10.2781,Belmullet Wave Buoy Berth A,289.7,59.4,0.83,6.084,4.9,4.301,8.33,0
5,2017-07-23T18:32:00Z,54.267977,-10.2781,Belmullet Wave Buoy Berth A,296.7,47.4,0.93,6.224721,5.02,4.396,7.69,0
5,2017-07-23T19:02:00Z,54.267977,-10.2781,Belmullet Wave Buoy Berth A,281.3,46.1,0.9,5.909128,4.7,4.167,7.69,0
5,2017-07-23T19:32:00Z,54.267977,-10.2781,Belmullet Wave Buoy Berth A,289.7,44.8,0.94,5.997829,4.79,4.211,7.69,0
5,2017-07-23T20:02:00Z,54.267977,-10.2781,Belmullet Wave Buoy Berth A,275.6,40.2,0.91,5.851911,4.71,4.167,7.69,0
5,2017-07-23T20:32:00Z,54.267977,-10.2781,Belmullet Wave Buoy Berth A,289.7,40.3,0.99,6.029632,4.89,4.348,7.69,0
5,2017-07-23T21:02:00Z,54.267977,-10.2781,Belmullet Wave Buoy Berth A,265.8,44.9,0.96,5.671736,4.55,4.082,7.69,0
5,2017-07-23T21:32:00Z,54.267977,-10.2781,Belmullet Wave Buoy Berth A,279.8,43.2,0.94,5.592841,4.47,4.0,7.69,0
5,2017-07-23T22:02:00Z,54.267977,-10.2781,Belmullet Wave Buoy Berth A,282.7,39.5,0.96,5.669168,4.57,4.082,7.69,0
5,2017-07-23T22:32:00Z,54.267977,-10.2781,Belmullet Wave Buoy Berth A,281.3,36.0,0.95,5.540901,4.44,3.96,7.14,0
5,2017-07-23T23:02:00Z,54.267977,-10.2781,Belmullet Wave Buoy Berth A,282.7,39.5,0.92,5.350665,4.36,3.96,7.69,0
5,2017-07-23T23:32:00Z,54.267977,-10.2781,Belmullet Wave Buoy Berth A,275.6,33.5,0.94,5.555556,4.5,4.04,7.14,0
5,2017-07-24T00:02:00Z,54.267977,-10.2781,Belmullet Wave Buoy Berth A,282.7,50.6,0.9,5.241976,4.25,3.846,7.69,0
5,2017-07-24T00:32:00Z,54.267977,-10.2781,Belmullet Wave Buoy Berth A,270.0,48.3,0.86,5.496306,4.44,4.0,7.69,0
5,2017-07-24T01:02:00Z,54.267977,-10.2781,Belmullet Wave Buoy Berth A,288.3,47.0,0.9,5.538318,4.46,4.0,7.69,0
5,2017-07-24T01:32:00Z,54.267977,-10.2781,Belmullet Wave Buoy Berth A,275.6,38.6,0.83,5.582982,4.46,4.0,7.14,0
5,2017-07-24T02:02:00Z,54.267977,-10.2781,Belmullet Wave Buoy Berth A,284.1,41.9,0.85,5.368005,4.31,3.883,8.33,0
5,2017-07-24T02:32:00Z,54.267977,-10.2781,Belmullet Wave Buoy Berth A,270.0,40.8,0.84,5.615235,4.47,3.96,7.69,0
5,2017-07-24T03:02:00Z,54.267977,-10.2781,Belmullet Wave Buoy Berth A,279.8,41.5,0.88,5.624705,4.57,4.124,7.69,0
5,2017-07-24T03:32:00Z,54.267977,-10.2781,Belmullet Wave Buoy Berth A,286.9,42.9,0.87,5.57531,4.52,4.082,7.69,0
5,2017-07-24T04:02:00Z,54.267977,-10.2781,Belmullet Wave Buoy Berth A,279.8,41.9,0.88,5.501314,4.49,4.04,7.69,0
5,2017-07-24T04:32:00Z,54.267977,-10.2781,Belmullet Wave Buoy Berth A,282.7,44.3,0.84,5.567929,4.49,4.0,7.69,0
5,2017-07-24T05:02:00Z,54.267977,-10.2781,Belmullet Wave Buoy Berth A,277.0,42.1,0.86,5.461775,4.45,4.04,7.69,0
5,2017-07-24T05:32:00Z,54.267977,-10.2781,Belmullet Wave Buoy Berth A,289.7,38.2,0.89,5.590306,4.58,4.124,7.69,0
5,2017-07-24T06:02:00Z,54.267977,-10.2781,Belmullet Wave Buoy Berth A,274.2,41.0,0.82,5.432127,4.42,4.0,8.33,0
5,2017-07-24T06:32:00Z,54.267977,-10.2781,Belmullet Wave Buoy Berth A,277.0,40.3,0.87,5.693879,4.64,4.167,7.69,0
5,2017-07-24T07:02:00Z,54.267977,-10.2781,Belmullet Wave Buoy Berth A,268.6,41.5,0.86,5.85971,4.83,4.348,7.69,0
5,2017-07-24T07:32:00Z,54.267977,-10.2781,Belmullet Wave Buoy Berth A,271.4,47.7,0.81,5.852083,4.8,4.301,7.69,0
5,2017-07-24T08:02:00Z,54.267977,-10.2781,Belmullet Wave Buoy Berth A,274.2,40.2,0.85,5.865266,4.88,4.396,7.14,0
5,2017-07-24T08:32:00Z,54.267977,-10.2781,Belmullet Wave Buoy Berth A,281.3,44.8,0.91,6.172563,5.19,4.651,7.69,0
5,2017-07-24T09:02:00Z,54.267977,-10.2781,Belmullet Wave Buoy Berth A,277.0,39.8,0.97,5.952961,5.1,4.651,7.69,0
5,2017-07-24T09:32:00Z,54.267977,-10.2781,Belmullet Wave Buoy Berth A,272.8,42.7,0.91,5.946614,5.05,4.545,7.14,0
5,2017-07-24T10:02:00Z,54.267977,-10.2781,Belmullet Wave Buoy Berth A,257.3,38.4,0.94,5.895165,5.15,4.706,6.67,0
5,2017-07-24T10:32:00Z,54.267977,-10.2781,Belmullet Wave Buoy Berth A,281.3,38.4,0.97,5.93648,5.17,4.762,7.69,0
5,2017-07-24T11:02:00Z,54.267977,-10.2781,Belmullet Wave Buoy Berth A,264.4,32.8,0.98,5.902231,5.2,4.819,7.14,0
5,2017-07-24T11:32:00Z,54.267977,-10.2781,Belmullet Wave Buoy Berth A,260.2,45.1,0.97,5.841105,5.16,4.762,6.25,0
5,2017-07-24T12:02:00Z,54.267977,-10.2781,Belmullet Wave Buoy Berth A,271.4,40.3,0.94,5.841105,5.16,4.762,7.69,0
5,2017-07-24T12:32:00Z,54.267977,-10.2781,Belmullet Wave Buoy Berth A,264.4,38.8,0.9,5.87236,5.17,4.762,7.14,0
5,2017-07-24T13:02:00Z,54.267977,-10.2781,Belmullet Wave Buoy Berth A,261.6,44.3,0.99,5.938132,5.3,4.938,6.25,0
5,2017-07-24T13:32:00Z,54.267977,-10.2781,Belmullet Wave Buoy Berth A,285.5,31.0,0.94,6.030355,5.35,4.938,7.69,0
5,2017-07-24T14:02:00Z,54.267977,-10.2781,Belmullet Wave Buoy Berth A,277.0,40.1,0.97,5.868375,5.23,4.878,7.14,0
5,2017-07-24T14:32:00Z,54.267977,-10.2781,Belmullet Wave Buoy Berth A,277.0,41.0,0.93,5.960625,5.28,4.878,7.14,0
5,2017-07-24T15:02:00Z,54.267977,-10.2781,Belmullet Wave Buoy Berth A,277.0,36.8,0.91,5.932103,5.23,4.819,7.14,0
5,2017-07-24T15:32:00Z,54.267977,-10.2781,Belmullet Wave Buoy Berth A,282.7,32.9,0.94,6.233607,5.49,5.063,7.69,0
5,2017-07-24T16:02:00Z,54.267977,-10.2781,Belmullet Wave Buoy Berth A,281.3,38.7,1.0,6.080167,5.4,5.0,7.69,0
5,2017-07-24T16:32:00Z,54.267977,-10.2781,Belmullet Wave Buoy Berth A,284.1,37.3,1.04,6.249551,5.57,5.195,7.69,0
5,2017-07-24T17:02:00Z,54.267977,-10.2781,Belmullet Wave Buoy Berth A,277.0,37.4,1.05,6.278221,5.62,5.263,7.14,0
5,2017-07-24T17:32:00Z,54.267977,-10.2781,Belmullet Wave Buoy Berth A,282.7,33.1,1.01,6.440139,5.74,5.333,7.69,0
5,2017-07-24T18:02:00Z,54.267977,-10.2781,Belmullet Wave Buoy Berth A,279.8,37.7,0.97,6.293351,5.55,5.128,7.69,0
5,2017-07-24T18:32:00Z,54.267977,-10.2781,Belmullet Wave Buoy Berth A,270.0,39.2,0.95,6.198484,5.54,5.195,7.69,0
5,2017-07-24T19:02:00Z,54.267977,-10.2781,Belmullet Wave Buoy Berth A,275.6,35.0,1.02,6.489965,5.79,5.405,7.69,0
5,2017-07-24T19:32:00Z,54.267977,-10.2781,Belmullet Wave Buoy Berth A,270.0,27.2,1.0,6.407809,5.75,5.333,7.69,0
5,2017-07-24T20:02:00Z,54.267977,-10.2781,Belmullet Wave Buoy Berth A,272.8,37.0,0.98,6.438906,5.76,5.333,7.69,0
5,2017-07-24T20:32:00Z,54.267977,-10.2781,Belmullet Wave Buoy Berth A,271.4,34.2,0.97,6.537415,5.88,5.479,7.69,0
5,2017-07-24T21:02:00Z,54.267977,-10.2781,Belmullet Wave Buoy Berth A,274.2,37.0,0.96,6.498711,5.82,5.405,7.14,0
5,2017-07-24T21:32:00Z,54.267977,-10.2781,Belmullet Wave Buoy Berth A,284.1,34.7,0.97,6.355679,5.74,5.405,7.69,0
5,2017-07-24T22:02:00Z,54.267977,-10.2781,Belmullet Wave Buoy Berth A,272.8,39.6,1.01,6.444376,5.85,5.479,7.69,0
5,2017-07-24T22:32:00Z,54.267977,-10.2781,Belmullet Wave Buoy Berth A,275.6,31.1,0.98,6.565126,5.95,5.556,7.69,0
5,2017-07-24T23:02:00Z,54.267977,-10.2781,Belmullet Wave Buoy Berth A,279.8,28.2,0.98,6.426598,5.79,5.405,7.69,0
5,2017-07-24T23:32:00Z,54.267977,-10.2781,Belmullet Wave Buoy Berth A,260.2,34.4,0.92,6.557356,5.9,5.479,7.14,0
5,2017-07-25T00:02:00Z,54.267977,-10.2781,Belmullet Wave Buoy Berth A,265.8,43.3,0.89,6.509897,5.81,5.405,7.14,0
5,2017-07-25T00:32:00Z,54.267977,-10.2781,Belmullet Wave Buoy Berth A,278.4,40.0,0.91,6.679331,5.98,5.556,7.69,0
5,2017-07-25T01:02:00Z,54.267977,-10.2781,Belmullet Wave Buoy Berth A,284.1,36.3,0.81,6.511157,5.79,5.405,8.33,0
5,2017-07-25T01:32:00Z,54.267977,-10.2781,Belmullet Wave Buoy Berth A,267.2,44.5,0.82,6.600833,5.88,5.479,7.14,0
5,2017-07-25T02:02:00Z,54.267977,-10.2781,Belmullet Wave Buoy Berth A,288.3,34.4,0.86,6.620763,5.9,5.479,8.33,0
5,2017-07-25T02:32:00Z,54.267977,-10.2781,Belmullet Wave Buoy Berth A,279.8,40.4,0.82,6.791421,6.05,5.634,7.69,0
5,2017-07-25T03:02:00Z,54.267977,-10.2781,Belmullet Wave Buoy Berth A,271.4,38.3,0.81,6.872406,6.11,5.634,7.69,0
5,2017-07-25T03:32:00Z,54.267977,-10.2781,Belmullet Wave Buoy Berth A,284.1,35.5,0.83,6.973328,6.19,5.714,8.33,0
5,2017-07-25T04:02:00Z,54.267977,-10.2781,Belmullet Wave Buoy Berth A,284.1,43.1,0.79,6.86375,6.08,5.634,8.33,0
5,2017-07-25T04:32:00Z,54.267977,-10.2781,Belmullet Wave Buoy Berth A,285.5,31.2,0.8,7.124066,6.32,5.797,8.33,0
5,2017-07-25T05:02:00Z,54.267977,-10.2781,Belmullet Wave Buoy Berth A,291.1,33.8,0.89,7.22,6.48,5.97,8.33,0
5,2017-07-25T05:32:00Z,54.267977,-10.2781,Belmullet Wave Buoy Berth A,279.8,37.7,0.85,7.161391,6.4,5.882,8.33,0
5,2017-07-25T06:02:00Z,54.267977,-10.2781,Belmullet Wave Buoy Berth A,270.0,35.4,0.89,7.290965,6.53,6.061,7.69,0
5,2017-07-25T06:32:00Z,54.267977,-10.2781,Belmullet Wave Buoy Berth A,295.3,42.1,0.83,7.212457,6.43,5.882,8.33,0
5,2017-07-25T07:02:00Z,54.267977,-10.2781,Belmullet Wave Buoy Berth A,275.6,34.2,0.88,7.319696,6.58,6.061,7.69,0
5,2017-07-25T07:32:00Z,54.267977,-10.2781,Belmullet Wave Buoy Berth A,282.7,36.4,0.85,6.988378,6.29,5.797,8.33,0
5,2017-07-25T08:02:00Z,54.267977,-10.2781,Belmullet Wave Buoy Berth A,286.9,36.6,0.83,7.0756,6.25,5.714,8.33,0
5,2017-07-25T09:02:00Z,54.267977,-10.2781,Belmullet Wave Buoy Berth A,281.3,34.4,0.84,7.013178,6.23,5.714,7.69,0
5,2017-07-25T10:02:00Z,54.267977,-10.2781,Belmullet Wave Buoy Berth A,272.8,44.0,0.85,7.067042,6.39,5.882,7.69,0
5,2017-07-25T10:32:00Z,54.267977,-10.2781,Belmullet Wave Buoy Berth A,268.6,45.4,0.8,7.039383,6.32,5.882,8.33,0
5,2017-07-25T11:02:00Z,54.267977,-10.2781,Belmullet Wave Buoy Berth A,270.0,39.8,0.81,6.963203,6.37,5.97,7.14,0
5,2017-07-25T11:32:00Z,54.267977,-10.2781,Belmullet Wave Buoy Berth A,274.2,42.2,0.76,6.843456,6.25,5.882,7.69,0
5,2017-07-25T12:02:00Z,54.267977,-10.2781,Belmullet Wave Buoy Berth A,267.2,50.1,0.74,7.119141,6.4,5.97,7.69,0
5,2017-07-25T12:32:00Z,54.267977,-10.2781,Belmullet Wave Buoy Berth A,274.2,42.1,0.77,7.125827,6.47,6.061,7.14,0
5,2017-07-25T13:02:00Z,54.267977,-10.2781,Belmullet Wave Buoy Berth A,271.4,41.0,0.75,6.976203,6.32,5.882,7.69,0
5,2017-07-25T13:32:00Z,54.267977,-10.2781,Belmullet Wave Buoy Berth A,272.8,45.0,0.73,6.949663,6.23,5.797,7.69,0
5,2017-07-25T14:02:00Z,54.267977,-10.2781,Belmullet Wave Buoy Berth A,295.3,53.8,0.75,7.000703,6.26,5.797,8.33,0
5,2017-07-25T14:32:00Z,54.267977,-10.2781,Belmullet Wave Buoy Berth A,302.3,54.4,0.72,6.845182,6.04,5.556,8.33,0
5,2017-07-25T15:02:00Z,54.267977,-10.2781,Belmullet Wave Buoy Berth A,279.8,43.5,0.71,6.950512,6.06,5.556,7.69,0
5,2017-07-25T15:32:00Z,54.267977,-10.2781,Belmullet Wave Buoy Berth A,293.9,46.6,0.77,6.952053,6.04,5.479,8.33,0
5,2017-07-25T16:02:00Z,54.267977,-10.2781,Belmullet Wave Buoy Berth A,275.6,42.4,0.75,6.885683,5.93,5.405,7.69,0
5,2017-07-25T16:32:00Z,54.267977,-10.2781,Belmullet Wave Buoy Berth A,285.5,45.1,0.76,6.809281,5.7,5.195,7.69,0
5,2017-07-25T17:02:00Z,54.267977,-10.2781,Belmullet Wave Buoy Berth A,272.8,34.0,0.85,6.6649,5.51,4.878,7.69,0
5,2017-07-25T17:32:00Z,54.267977,-10.2781,Belmullet Wave Buoy Berth A,264.4,55.4,0.91,5.897922,4.62,4.124,8.33,0
5,2017-07-25T18:02:00Z,54.267977,-10.2781,Belmullet Wave Buoy Berth A,271.4,48.1,0.98,5.755577,4.68,4.255,7.69,0
5,2017-07-25T18:32:00Z,54.267977,-10.2781,Belmullet Wave Buoy Berth A,257.3,45.9,1.03,5.669442,4.66,4.255,7.69,0
5,2017-07-25T19:02:00Z,54.267977,-10.2781,Belmullet Wave Buoy Berth A,255.9,27.6,1.11,5.961121,4.73,4.301,10.0,0
5,2017-07-25T19:32:00Z,54.267977,-10.2781,Belmullet Wave Buoy Berth A,267.2,28.0,1.19,5.97547,4.79,4.348,9.09,0
5,2017-07-25T20:02:00Z,54.267977,-10.2781,Belmullet Wave Buoy Berth A,274.2,31.4,1.21,5.963021,4.8,4.348,9.09,0
5,2017-07-25T20:32:00Z,54.267977,-10.2781,Belmullet Wave Buoy Berth A,258.8,28.9,1.28,6.166407,4.87,4.396,10.0,0
5,2017-07-25T21:02:00Z,54.267977,-10.2781,Belmullet Wave Buoy Berth A,258.8,25.9,1.27,6.134074,4.86,4.348,10.0,0
5,2017-07-25T21:32:00Z,54.267977,-10.2781,Belmullet Wave Buoy Berth A,265.8,36.0,1.26,5.785476,4.62,4.167,9.09,0
5,2017-07-25T22:02:00Z,54.267977,-10.2781,Belmullet Wave Buoy Berth A,264.4,25.7,1.35,6.272,5.0,4.494,9.09,0
5,2017-07-25T22:32:00Z,54.267977,-10.2781,Belmullet Wave Buoy Berth A,257.3,29.3,1.25,5.91188,4.68,4.211,9.09,0
5,2017-07-25T23:02:00Z,54.267977,-10.2781,Belmullet Wave Buoy Berth A,270.0,29.5,1.35,6.187823,4.96,4.444,8.33,0
5,2017-07-25T23:32:00Z,54.267977,-10.2781,Belmullet Wave Buoy Berth A,263.0,26.2,1.32,6.170752,4.92,4.396,9.09,0
5,2017-07-26T00:02:00Z,54.267977,-10.2781,Belmullet Wave Buoy Berth A,263.0,35.9,1.45,6.138513,4.91,4.396,9.09,0
5,2017-07-26T00:32:00Z,54.267977,-10.2781,Belmullet Wave Buoy Berth A,261.6,33.9,1.46,6.088909,4.95,4.444,9.09,0
5,2017-07-26T01:02:00Z,54.267977,-10.2781,Belmullet Wave Buoy Berth A,264.4,34.7,1.61,5.891653,4.84,4.444,10.0,0
5,2017-07-26T01:32:00Z,54.267977,-10.2781,Belmullet Wave Buoy Berth A,206.7,20.8,1.6,5.605389,4.75,4.396,4.76,0
5,2017-07-26T02:02:00Z,54.267977,-10.2781,Belmullet Wave Buoy Berth A,216.6,25.7,1.66,5.837429,4.94,4.545,5.26,0
5,2017-07-26T02:32:00Z,54.267977,-10.2781,Belmullet Wave Buoy Berth A,223.6,24.2,1.81,5.686235,4.94,4.598,5.88,0
5,2017-07-26T03:02:00Z,54.267977,-10.2781,Belmullet Wave Buoy Berth A,225.0,20.1,1.97,6.01177,5.31,4.938,6.25,0
5,2017-07-26T03:32:00Z,54.267977,-10.2781,Belmullet Wave Buoy Berth A,233.4,25.9,2.02,6.161657,5.31,4.878,6.67,0
5,2017-07-26T04:02:00Z,54.267977,-10.2781,Belmullet Wave Buoy Berth A,226.4,26.7,2.08,5.956378,5.19,4.819,6.25,0
5,2017-07-26T04:32:00Z,54.267977,-10.2781,Belmullet Wave Buoy Berth A,232.0,22.6,2.33,6.191056,5.49,5.128,6.67,0
5,2017-07-26T05:02:00Z,54.267977,-10.2781,Belmullet Wave Buoy Berth A,236.3,30.7,2.18,6.191056,5.49,5.063,6.67,0
5,2017-07-26T05:32:00Z,54.267977,-10.2781,Belmullet Wave Buoy Berth A,226.4,29.7,2.3,6.169836,5.49,5.128,6.67,0
5,2017-07-26T06:02:00Z,54.267977,-10.2781,Belmullet Wave Buoy Berth A,236.3,23.4,2.5,6.518647,5.84,5.405,7.69,0
5,2017-07-26T06:32:00Z,54.267977,-10.2781,Belmullet Wave Buoy Berth A,239.1,28.3,2.85,6.61298,6.04,5.634,7.69,0
5,2017-07-26T07:02:00Z,54.267977,-10.2781,Belmullet Wave Buoy Berth A,232.0,31.4,2.79,6.786705,6.13,5.714,7.14,0
5,2017-07-26T07:32:00Z,54.267977,-10.2781,Belmullet Wave Buoy Berth A,236.3,32.1,3.0,6.825525,6.19,5.797,7.69,0
5,2017-07-26T08:02:00Z,54.267977,-10.2781,Belmullet Wave Buoy Berth A,246.1,24.7,3.02,6.926332,6.27,5.882,8.33,0
5,2017-07-26T08:32:00Z,54.267977,-10.2781,Belmullet Wave Buoy Berth A,241.9,22.5,3.27,7.206677,6.53,6.061,8.33,0
5,2017-07-26T09:02:00Z,54.267977,-10.2781,Belmullet Wave Buoy Berth A,247.5,26.9,3.55,7.335329,6.68,6.25,8.33,0
5,2017-07-26T09:32:00Z,54.267977,-10.2781,Belmullet Wave Buoy Berth A,248.9,24.3,3.53,7.395193,6.74,6.349,9.09,0
5,2017-07-26T10:02:00Z,54.267977,-10.2781,Belmullet Wave Buoy Berth A,246.1,25.6,3.53,7.499172,6.76,6.349,9.09,0
5,2017-07-26T10:32:00Z,54.267977,-10.2781,Belmullet Wave Buoy Berth A,250.3,21.0,3.76,7.677601,6.96,6.557,9.09,0
5,2017-07-26T11:02:00Z,54.267977,-10.2781,Belmullet Wave Buoy Berth A,260.2,28.8,3.75,7.73745,7.02,6.557,9.09,0
5,2017-07-26T11:32:00Z,54.267977,-10.2781,Belmullet Wave Buoy Berth A,251.7,27.2,3.85,7.801729,7.0,6.557,10.0,0
6,2017-07-23T15:00:00Z,53.2308,-9.260933,Galway Bay Wave Buoy,244.483516,20.879121,0.35,3.94,2.8,2.46,8.33,0
6,2017-07-23T15:30:00Z,53.2308,-9.260933,Galway Bay Wave Buoy,252.835165,23.032967,0.34,4.11,3.01,2.64,8.33,0
6,2017-07-23T16:00:00Z,53.2308,-9.260933,Galway Bay Wave Buoy,256.43956,15.67033,0.34,3.85,3.0,2.67,3.23,0
6,2017-07-23T16:30:00Z,53.2308,-9.260933,Galway Bay Wave Buoy,241.67033,27.56044,0.33,4.2,3.21,2.79,7.69,0
6,2017-07-23T17:00:00Z,53.2308,-9.260933,Galway Bay Wave Buoy,252.131868,27.978022,0.35,4.28,3.35,2.91,8.0,0
6,2017-07-23T17:30:00Z,53.2308,-9.260933,Galway Bay Wave Buoy,250.637363,30.197802,0.32,4.44,3.46,3.0,8.33,0
6,2017-07-23T18:00:00Z,53.2308,-9.260933,Galway Bay Wave Buoy,254.593407,31.89011,0.31,4.65,3.69,3.22,8.0,0
6,2017-07-23T18:30:00Z,53.2308,-9.260933,Galway Bay Wave Buoy,246.681319,31.472527,0.28,4.82,3.88,3.45,8.33,0
6,2017-07-23T19:00:00Z,53.2308,-9.260933,Galway Bay Wave Buoy,249.494505,34.43956,0.28,4.66,3.95,3.66,7.69,0
6,2017-07-23T19:30:00Z,53.2308,-9.260933,Galway Bay Wave Buoy,238.593407,28.879121,0.3,4.51,3.81,3.54,8.0,0
6,2017-07-23T20:00:00Z,53.2308,-9.260933,Galway Bay Wave Buoy,246.593407,28.373626,0.31,4.4,3.75,3.48,8.0,0
6,2017-07-23T20:30:00Z,53.2308,-9.260933,Galway Bay Wave Buoy,246.593407,26.087912,0.29,4.41,3.72,3.43,8.0,0
6,2017-07-23T21:00:00Z,53.2308,-9.260933,Galway Bay Wave Buoy,248.879121,20.747253,0.29,4.29,3.6,3.3,7.69,0
6,2017-07-23T21:30:00Z,53.2308,-9.260933,Galway Bay Wave Buoy,254.241758,22.373626,0.28,4.26,3.57,3.26,4.26,0
6,2017-07-23T22:00:00Z,53.2308,-9.260933,Galway Bay Wave Buoy,249.230769,16.945055,0.28,4.11,3.43,3.14,4.0,0
6,2017-07-23T22:30:00Z,53.2308,-9.260933,Galway Bay Wave Buoy,254.681319,15.824176,0.28,3.95,3.23,2.93,7.41,0
6,2017-07-23T23:00:00Z,53.2308,-9.260933,Galway Bay Wave Buoy,245.362637,14.285714,0.28,3.91,3.17,2.87,7.69,0
6,2017-07-23T23:30:00Z,53.2308,-9.260933,Galway Bay Wave Buoy,245.098901,14.747253,0.26,3.97,3.2,2.89,7.41,0
6,2017-07-24T00:00:00Z,53.2308,-9.260933,Galway Bay Wave Buoy,241.67033,21.054945,0.22,4.06,3.15,2.8,7.41,0
6,2017-07-24T00:30:00Z,53.2308,-9.260933,Galway Bay Wave Buoy,251.78022,16.879121,0.21,4.26,3.27,2.89,7.69,0
6,2017-07-24T01:00:00Z,53.2308,-9.260933,Galway Bay Wave Buoy,242.549451,13.142857,0.23,4.49,3.54,3.14,7.69,0
6,2017-07-24T01:30:00Z,53.2308,-9.260933,Galway Bay Wave Buoy,252.835165,17.824176,0.24,4.22,3.34,3.0,7.41,0
6,2017-07-24T02:00:00Z,53.2308,-9.260933,Galway Bay Wave Buoy,248.087912,18.395604,0.22,4.42,3.5,3.13,7.41,0
6,2017-07-24T02:30:00Z,53.2308,-9.260933,Galway Bay Wave Buoy,247.824176,21.120879,0.2,4.86,3.92,3.46,7.69,0
6,2017-07-24T03:00:00Z,53.2308,-9.260933,Galway Bay Wave Buoy,239.120879,21.912088,0.2,4.97,4.09,3.64,7.69,0
6,2017-07-24T03:30:00Z,53.2308,-9.260933,Galway Bay Wave Buoy,242.813187,30.571429,0.18,4.78,3.77,3.31,7.69,0
6,2017-07-24T04:00:00Z,53.2308,-9.260933,Galway Bay Wave Buoy,242.10989,23.802198,0.19,4.84,3.85,3.38,7.69,0
6,2017-07-24T04:30:00Z,53.2308,-9.260933,Galway Bay Wave Buoy,241.142857,23.89011,0.18,5.03,4.07,3.6,8.0,0
6,2017-07-24T05:30:00Z,53.2308,-9.260933,Galway Bay Wave Buoy,244.043956,22.395604,0.19,5.6,4.73,4.21,8.0,0
6,2017-07-24T06:00:00Z,53.2308,-9.260933,Galway Bay Wave Buoy,243.340659,24.637363,0.2,5.68,4.74,4.18,7.41,0
6,2017-07-24T06:30:00Z,53.2308,-9.260933,Galway Bay Wave Buoy,245.186813,26.923077,0.23,5.84,4.9,4.27,7.69,0
6,2017-07-24T07:00:00Z,53.2308,-9.260933,Galway Bay Wave Buoy,244.21978,33.516484,0.24,5.88,5.06,4.49,7.69,0
6,2017-07-24T07:30:00Z,53.2308,-9.260933,Galway Bay Wave Buoy,242.461538,24.461538,0.25,5.78,5.1,4.62,6.45,0
6,2017-07-24T08:00:00Z,53.2308,-9.260933,Galway Bay Wave Buoy,251.692308,30.681319,0.26,5.94,5.33,4.87,7.41,0
6,2017-07-24T08:30:00Z,53.2308,-9.260933,Galway Bay Wave Buoy,253.626374,24.989011,0.25,5.48,4.76,4.23,6.67,0
6,2017-07-24T09:00:00Z,53.2308,-9.260933,Galway Bay Wave Buoy,259.956044,22.857143,0.29,5.21,4.64,4.29,6.45,0
6,2017-07-24T09:30:00Z,53.2308,-9.260933,Galway Bay Wave Buoy,255.56044,17.384615,0.29,4.96,4.34,4.01,6.06,0
6,2017-07-24T10:00:00Z,53.2308,-9.260933,Galway Bay Wave Buoy,254.32967,16.43956,0.31,4.82,4.18,3.85,6.45,0
6,2017-07-24T10:30:00Z,53.2308,-9.260933,Galway Bay Wave Buoy,244.659341,18.527473,0.31,4.35,3.48,3.03,6.9,0
6,2017-07-24T11:00:00Z,53.2308,-9.260933,Galway Bay Wave Buoy,246.32967,19.010989,0.32,4.11,3.05,2.61,6.9,0
6,2017-07-24T11:30:00Z,53.2308,-9.260933,Galway Bay Wave Buoy,243.956044,20.505495,0.32,3.79,2.74,2.38,7.14,0
6,2017-07-24T12:00:00Z,53.2308,-9.260933,Galway Bay Wave Buoy,241.582418,17.362637,0.38,3.41,2.61,2.35,6.45,0
6,2017-07-24T12:30:00Z,53.2308,-9.260933,Galway Bay Wave Buoy,247.208791,11.802198,0.49,3.34,2.76,2.54,2.99,0
6,2017-07-24T13:00:00Z,53.2308,-9.260933,Galway Bay Wave Buoy,247.384615,13.538462,0.51,3.32,2.83,2.63,2.99,0
6,2017-07-24T13:30:00Z,53.2308,-9.260933,Galway Bay Wave Buoy,249.494505,11.89011,0.57,3.4,2.94,2.75,3.45,0
6,2017-07-24T14:00:00Z,53.2308,-9.260933,Galway Bay Wave Buoy,250.197802,11.956044,0.59,3.34,2.9,2.71,3.39,0
6,2017-07-24T14:30:00Z,53.2308,-9.260933,Galway Bay Wave Buoy,246.32967,14.373626,0.57,3.41,2.95,2.76,3.7,0
6,2017-07-24T15:00:00Z,53.2308,-9.260933,Galway Bay Wave Buoy,242.901099,21.494505,0.55,3.59,3.12,2.91,3.77,0
6,2017-07-24T15:30:00Z,53.2308,-9.260933,Galway Bay Wave Buoy,247.032967,15.142857,0.47,3.77,3.22,2.98,3.57,0
6,2017-07-24T16:00:00Z,53.2308,-9.260933,Galway Bay Wave Buoy,239.384615,15.912088,0.43,3.69,3.07,2.83,4.0,0
6,2017-07-24T16:30:00Z,53.2308,-9.260933,Galway Bay Wave Buoy,240.879121,18.725275,0.43,3.54,2.96,2.74,2.9,0
6,2017-07-24T17:00:00Z,53.2308,-9.260933,Galway Bay Wave Buoy,240.703297,19.076923,0.4,3.72,3.15,2.93,3.64,0
6,2017-07-24T17:30:00Z,53.2308,-9.260933,Galway Bay Wave Buoy,246.241758,11.274725,0.36,3.85,3.23,2.99,3.51,0
6,2017-07-24T18:00:00Z,53.2308,-9.260933,Galway Bay Wave Buoy,239.296703,18.131868,0.36,3.99,3.24,2.95,3.64,0
6,2017-07-24T18:30:00Z,53.2308,-9.260933,Galway Bay Wave Buoy,240.263736,23.758242,0.38,4.23,3.33,2.98,6.06,0
6,2017-07-24T19:00:00Z,53.2308,-9.260933,Galway Bay Wave Buoy,250.021978,24.901099,0.44,4.12,3.31,2.99,6.45,0
6,2017-07-24T19:30:00Z,53.2308,-9.260933,Galway Bay Wave Buoy,233.758242,23.626374,0.47,4.08,3.25,2.93,6.25,0
6,2017-07-24T20:00:00Z,53.2308,-9.260933,Galway Bay Wave Buoy,244.923077,17.802198,0.46,4.1,3.28,2.96,6.25,0
6,2017-07-24T20:30:00Z,53.2308,-9.260933,Galway Bay Wave Buoy,248.0,18.32967,0.46,4.17,3.35,3.02,6.45,0
6,2017-07-24T21:00:00Z,53.2308,-9.260933,Galway Bay Wave Buoy,242.10989,19.362637,0.43,4.08,3.23,2.91,8.0,0
6,2017-07-24T21:30:00Z,53.2308,-9.260933,Galway Bay Wave Buoy,248.175824,15.450549,0.42,4.24,3.32,2.95,7.14,0
6,2017-07-24T22:00:00Z,53.2308,-9.260933,Galway Bay Wave Buoy,243.956044,19.450549,0.41,4.4,3.38,2.96,5.88,0
6,2017-07-24T22:30:00Z,53.2308,-9.260933,Galway Bay Wave Buoy,234.637363,17.230769,0.41,4.3,3.33,2.92,5.88,0
6,2017-07-24T23:00:00Z,53.2308,-9.260933,Galway Bay Wave Buoy,246.065934,15.714286,0.4,4.3,3.29,2.87,5.56,0
6,2017-07-24T23:30:00Z,53.2308,-9.260933,Galway Bay Wave Buoy,247.824176,14.901099,0.36,4.12,3.1,2.72,7.69,0
6,2017-07-25T00:00:00Z,53.2308,-9.260933,Galway Bay Wave Buoy,253.274725,14.417582,0.37,4.26,3.21,2.8,6.9,0
6,2017-07-25T00:30:00Z,53.2308,-9.260933,Galway Bay Wave Buoy,253.362637,9.824176,0.38,4.24,3.21,2.79,5.13,0
6,2017-07-25T01:00:00Z,53.2308,-9.260933,Galway Bay Wave Buoy,253.626374,13.978022,0.34,4.3,3.2,2.76,5.13,0
6,2017-07-25T01:30:00Z,53.2308,-9.260933,Galway Bay Wave Buoy,252.395604,15.516484,0.31,4.18,3.06,2.66,7.14,0
6,2017-07-25T02:00:00Z,53.2308,-9.260933,Galway Bay Wave Buoy,242.725275,19.274725,0.27,4.47,3.24,2.78,7.14,0
6,2017-07-25T02:30:00Z,53.2308,-9.260933,Galway Bay Wave Buoy,247.208791,19.450549,0.25,4.7,3.49,2.98,7.14,0
6,2017-07-25T03:00:00Z,53.2308,-9.260933,Galway Bay Wave Buoy,251.956044,23.67033,0.22,4.92,3.7,3.15,7.41,0
6,2017-07-25T03:30:00Z,53.2308,-9.260933,Galway Bay Wave Buoy,241.67033,22.43956,0.23,5.47,4.38,3.77,7.69,0
6,2017-07-25T04:00:00Z,53.2308,-9.260933,Galway Bay Wave Buoy,250.901099,18.835165,0.23,5.31,4.33,3.75,6.67,0
6,2017-07-25T04:30:00Z,53.2308,-9.260933,Galway Bay Wave Buoy,244.747253,17.186813,0.25,4.96,3.65,3.05,6.9,0
6,2017-07-25T05:00:00Z,53.2308,-9.260933,Galway Bay Wave Buoy,249.934066,21.582418,0.24,4.81,3.31,2.75,7.69,0
6,2017-07-25T05:30:00Z,53.2308,-9.260933,Galway Bay Wave Buoy,247.296703,29.714286,0.28,4.93,3.14,2.55,7.69,0
6,2017-07-25T06:00:00Z,53.2308,-9.260933,Galway Bay Wave Buoy,244.659341,34.703297,0.3,4.22,2.61,2.2,8.0,0
6,2017-07-25T06:30:00Z,53.2308,-9.260933,Galway Bay Wave Buoy,249.758242,23.758242,0.34,4.86,2.99,2.43,7.69,0
6,2017-07-25T07:00:00Z,53.2308,-9.260933,Galway Bay Wave Buoy,247.208791,21.626374,0.35,5.14,3.29,2.64,7.41,0
6,2017-07-25T07:30:00Z,53.2308,-9.260933,Galway Bay Wave Buoy,246.505495,24.373626,0.35,5.29,3.55,2.83,6.9,0
6,2017-07-25T08:00:00Z,53.2308,-9.260933,Galway Bay Wave Buoy,243.78022,20.857143,0.29,5.42,3.63,2.86,7.69,0
6,2017-07-25T08:30:00Z,53.2308,-9.260933,Galway Bay Wave Buoy,246.945055,25.164835,0.28,5.76,4.09,3.17,7.14,0
6,2017-07-25T09:00:00Z,53.2308,-9.260933,Galway Bay Wave Buoy,245.538462,18.769231,0.28,5.94,4.54,3.54,7.14,0
6,2017-07-25T09:30:00Z,53.2308,-9.260933,Galway Bay Wave Buoy,241.758242,23.054945,0.26,5.88,4.16,3.13,7.69,0
6,2017-07-25T10:00:00Z,53.2308,-9.260933,Galway Bay Wave Buoy,245.89011,24.703297,0.23,6.03,4.56,3.49,7.41,0
6,2017-07-25T10:30:00Z,53.2308,-9.260933,Galway Bay Wave Buoy,250.637363,18.483516,0.22,5.92,5.23,4.57,6.25,0
6,2017-07-25T11:00:00Z,53.2308,-9.260933,Galway Bay Wave Buoy,246.769231,14.285714,0.19,6.08,5.45,4.97,7.14,0
6,2017-07-25T11:30:00Z,53.2308,-9.260933,Galway Bay Wave Buoy,250.813187,12.483516,0.18,5.92,5.16,4.61,6.9,0
6,2017-07-25T12:00:00Z,53.2308,-9.260933,Galway Bay Wave Buoy,246.769231,19.978022,0.17,5.69,4.87,4.35,7.14,0
6,2017-07-25T12:30:00Z,53.2308,-9.260933,Galway Bay Wave Buoy,237.098901,16.417582,0.17,5.63,4.94,4.53,7.41,0
6,2017-07-25T13:00:00Z,53.2308,-9.260933,Galway Bay Wave Buoy,236.659341,20.0,0.16,5.62,4.89,4.49,7.41,0
6,2017-07-25T13:30:00Z,53.2308,-9.260933,Galway Bay Wave Buoy,245.186813,18.175824,0.17,5.73,4.96,4.54,7.69,0
6,2017-07-25T14:00:00Z,53.2308,-9.260933,Galway Bay Wave Buoy,250.285714,10.703297,0.19,6.1,5.41,4.94,6.9,0
6,2017-07-25T14:30:00Z,53.2308,-9.260933,Galway Bay Wave Buoy,246.681319,13.208791,0.21,6.16,5.51,5.06,6.9,0
6,2017-07-25T15:00:00Z,53.2308,-9.260933,Galway Bay Wave Buoy,244.659341,17.824176,0.17,5.85,5.09,4.59,5.13,0
6,2017-07-25T15:30:00Z,53.2308,-9.260933,Galway Bay Wave Buoy,244.835165,22.10989,0.17,5.86,4.64,3.79,8.0,0
6,2017-07-25T16:00:00Z,53.2308,-9.260933,Galway Bay Wave Buoy,240.351648,18.43956,0.19,5.67,4.21,3.35,7.69,0
6,2017-07-25T16:30:00Z,53.2308,-9.260933,Galway Bay Wave Buoy,236.835165,21.802198,0.2,5.74,4.21,3.37,8.0,0
6,2017-07-25T17:00:00Z,53.2308,-9.260933,Galway Bay Wave Buoy,234.725275,17.120879,0.2,5.7,4.49,3.77,7.69,0
6,2017-07-25T17:30:00Z,53.2308,-9.260933,Galway Bay Wave Buoy,246.857143,24.131868,0.2,5.84,4.62,3.92,8.0,0
6,2017-07-25T18:00:00Z,53.2308,-9.260933,Galway Bay Wave Buoy,244.747253,27.098901,0.2,6.18,5.02,4.32,8.0,0
6,2017-07-25T18:30:00Z,53.2308,-9.260933,Galway Bay Wave Buoy,247.912088,27.428571,0.2,6.31,5.24,4.53,7.14,0
6,2017-07-25T19:00:00Z,53.2308,-9.260933,Galway Bay Wave Buoy,249.406593,23.736264,0.2,6.26,4.97,4.15,6.9,0
6,2017-07-25T19:30:00Z,53.2308,-9.260933,Galway Bay Wave Buoy,245.538462,22.10989,0.27,4.9,3.21,2.68,7.69,0
6,2017-07-25T20:00:00Z,53.2308,-9.260933,Galway Bay Wave Buoy,242.10989,25.67033,0.32,4.2,2.9,2.55,8.0,0
6,2017-07-25T20:30:00Z,53.2308,-9.260933,Galway Bay Wave Buoy,227.340659,16.483516,0.39,3.78,2.76,2.5,2.53,0
6,2017-07-25T21:00:00Z,53.2308,-9.260933,Galway Bay Wave Buoy,224.087912,16.395604,0.47,3.65,2.86,2.64,2.74,0
6,2017-07-25T21:30:00Z,53.2308,-9.260933,Galway Bay Wave Buoy,228.21978,17.692308,0.54,3.68,3.01,2.79,3.03,0
6,2017-07-25T22:00:00Z,53.2308,-9.260933,Galway Bay Wave Buoy,238.065934,20.901099,0.57,3.77,3.11,2.87,3.28,0
6,2017-07-25T22:30:00Z,53.2308,-9.260933,Galway Bay Wave Buoy,224.791209,17.846154,0.61,3.49,2.96,2.77,3.13,0
6,2017-07-25T23:00:00Z,53.2308,-9.260933,Galway Bay Wave Buoy,225.934066,16.725275,0.7,3.4,2.95,2.77,3.17,0
6,2017-07-25T23:30:00Z,53.2308,-9.260933,Galway Bay Wave Buoy,217.494505,16.461538,0.8,3.45,3.01,2.83,3.33,0
6,2017-07-26T00:00:00Z,53.2308,-9.260933,Galway Bay Wave Buoy,213.978022,16.505495,0.8,3.47,3.04,2.85,3.45,0
6,2017-07-26T00:30:00Z,53.2308,-9.260933,Galway Bay Wave Buoy,208.527473,16.373626,0.81,3.44,3.04,2.86,3.33,0
6,2017-07-26T01:00:00Z,53.2308,-9.260933,Galway Bay Wave Buoy,213.802198,18.197802,0.94,3.54,3.17,3.0,3.57,0
6,2017-07-26T01:30:00Z,53.2308,-9.260933,Galway Bay Wave Buoy,210.461538,21.164835,0.98,3.63,3.23,3.04,3.64,0
6,2017-07-26T02:00:00Z,53.2308,-9.260933,Galway Bay Wave Buoy,212.747253,22.263736,1.01,3.74,3.34,3.14,3.7,0
6,2017-07-26T02:30:00Z,53.2308,-9.260933,Galway Bay Wave Buoy,209.582418,20.373626,1.08,3.81,3.38,3.18,3.85,0
6,2017-07-26T03:00:00Z,53.2308,-9.260933,Galway Bay Wave Buoy,213.978022,17.186813,1.13,3.94,3.52,3.3,4.17,0
6,2017-07-26T03:30:00Z,53.2308,-9.260933,Galway Bay Wave Buoy,216.527473,19.010989,1.26,4.02,3.6,3.37,4.35,0
6,2017-07-26T04:00:00Z,53.2308,-9.260933,Galway Bay Wave Buoy,224.879121,20.879121,1.26,4.09,3.59,3.32,4.44,0
6,2017-07-26T04:30:00Z,53.2308,-9.260933,Galway Bay Wave Buoy,234.373626,21.450549,1.24,4.29,3.75,3.45,4.35,0
6,2017-07-26T05:00:00Z,53.2308,-9.260933,Galway Bay Wave Buoy,244.043956,25.802198,1.25,4.48,3.9,3.58,4.26,0
6,2017-07-26T05:30:00Z,53.2308,-9.260933,Galway Bay Wave Buoy,237.450549,24.461538,1.32,4.78,4.13,3.77,4.76,0
6,2017-07-26T06:00:00Z,53.2308,-9.260933,Galway Bay Wave Buoy,221.538462,25.208791,1.36,5.06,4.4,4.01,6.45,0
6,2017-07-26T06:30:00Z,53.2308,-9.260933,Galway Bay Wave Buoy,241.582418,20.065934,1.32,5.13,4.45,4.04,5.0,0
6,2017-07-26T07:00:00Z,53.2308,-9.260933,Galway Bay Wave Buoy,228.307692,27.032967,1.3,5.26,4.52,4.09,5.71,0
6,2017-07-26T07:30:00Z,53.2308,-9.260933,Galway Bay Wave Buoy,231.56044,18.505495,1.32,5.35,4.57,4.15,6.9,0
6,2017-07-26T08:00:00Z,53.2308,-9.260933,Galway Bay Wave Buoy,240.43956,22.791209,1.39,5.16,4.48,4.12,5.13,0
6,2017-07-26T08:30:00Z,53.2308,-9.260933,Galway Bay Wave Buoy,252.747253,18.681319,1.6,5.07,4.48,4.16,4.76,0
6,2017-07-26T09:00:00Z,53.2308,-9.260933,Galway Bay Wave Buoy,252.307692,19.296703,1.7,5.28,4.75,4.44,5.0,0
6,2017-07-26T09:30:00Z,53.2308,-9.260933,Galway Bay Wave Buoy,252.659341,20.593407,1.65,5.34,4.81,4.48,5.26,0
6,2017-07-26T10:00:00Z,53.2308,-9.260933,Galway Bay Wave Buoy,246.241758,15.934066,1.59,5.43,4.76,4.37,5.41,0
6,2017-07-26T10:30:00Z,53.2308,-9.260933,Galway Bay Wave Buoy,246.417582,20.571429,1.64,5.19,4.6,4.26,5.71,0
6,2017-07-26T11:00:00Z,53.2308,-9.260933,Galway Bay Wave Buoy,245.626374,19.956044,1.51,5.18,4.49,4.12,5.41,0
6,2017-07-26T11:30:00Z,53.2308,-9.260933,Galway Bay Wave Buoy,241.582418,15.802198,1.39,5.11,4.33,3.93,6.67,0
6,2017-07-26T12:00:00Z,53.2308,-9.260933,Galway Bay Wave Buoy,246.153846,15.67033,1.37,5.03,4.25,3.85,7.41,0
6,2017-07-26T12:30:00Z,53.2308,-9.260933,Galway Bay Wave Buoy,230.417582,16.43956,1.46,5.07,4.25,3.85,5.41,0
